insert into currencies (currency_code, name, active, is_default, denominations)
values
  ('RSD', 'Srpski dinar', true, true, '[5000,2000,1000,500,200,100,50,20,10,5,2,1]'::jsonb),
  ('EUR', 'Evro', true, false, '[500,200,100,50,20,10,5,2,1]'::jsonb)
on conflict (currency_code) do update set
  name = excluded.name,
  active = excluded.active,
  is_default = excluded.is_default,
  denominations = excluded.denominations;

insert into roles (role_id, role_name, description, active, system_role)
values
  ('ADMIN', 'Administrator', 'Administrator sistema', true, true),
  ('DIRECTOR', 'Direktor', 'Direktor / pregled i odobravanje', true, true),
  ('FINANCE', 'Finansije', 'Finansijska kontrola', true, true),
  ('CASHIER_SUPERVISOR', 'Nadredjeni blagajne', 'Nadredjeni za blagajnu', true, true),
  ('CASHIER', 'Blagajnik', 'Operativni blagajnik', true, true),
  ('APPROVER', 'Odobravalac', 'Ovlasceni odobravalac', true, true),
  ('REQUESTER', 'Podnosilac zahteva', 'Korisnik koji podnosi zahteve', true, true),
  ('VIEWER', 'Pregled', 'Samo pregled', true, true),
  ('ANNOUNCER', 'Najavljivac uplate', 'Moze samo da kreira najavu uplate, bez pristupa blagajni', true, true),
  ('ASSISTANT_CASHIER', 'Pomocni blagajnik', 'Pregled najava uplate i uplata po najavama (ogranicena knjiga)', true, true)
on conflict (role_id) do update set
  role_name = excluded.role_name,
  description = excluded.description,
  active = excluded.active,
  system_role = excluded.system_role;

insert into permissions (permission_id, permission_name, category, active, system_permission)
values
  ('users:create', 'Kreiranje korisnika', 'users', true, true),
  ('users:update', 'Izmena korisnika', 'users', true, true),
  ('users:disable', 'Deaktivacija korisnika', 'users', true, true),
  ('users:assign_roles', 'Dodela rola', 'users', true, true),
  ('roles:view', 'Pregled rola', 'permissions', true, true),
  ('roles:update', 'Izmena rola', 'permissions', true, true),
  ('permissions:view', 'Pregled privilegija', 'permissions', true, true),
  ('permissions:update', 'Izmena privilegija', 'permissions', true, true),
  ('payment_requests:create', 'Kreiranje zahteva', 'payment_requests', true, true),
  ('payment_requests:view_own', 'Pregled sopstvenih zahteva', 'payment_requests', true, true),
  ('payment_requests:view_all', 'Pregled svih zahteva', 'payment_requests', true, true),
  ('payment_requests:approve', 'Odobravanje zahteva', 'payment_requests', true, true),
  ('payment_requests:reject', 'Odbijanje zahteva', 'payment_requests', true, true),
  ('payment_requests:return_for_correction', 'Vracanje zahteva na dopunu', 'payment_requests', true, true),
  ('payment_requests:cancel', 'Otkazivanje zahteva', 'payment_requests', true, true),
  ('payment_orders:create', 'Kreiranje naloga', 'payment_orders', true, true),
  ('payment_orders:view', 'Pregled naloga', 'payment_orders', true, true),
  ('payment_orders:issue', 'Izdavanje naloga', 'payment_orders', true, true),
  ('payment_orders:reject', 'Odbijanje naloga', 'payment_orders', true, true),
  ('payment_orders:cancel', 'Otkazivanje naloga', 'payment_orders', true, true),
  ('payment_orders:execute', 'Izvrsenje naloga', 'payment_orders', true, true),
  ('payment_orders:reverse', 'Storno naloga', 'payment_orders', true, true),
  ('documents:attach', 'Dodavanje dokumenata', 'documents', true, true),
  ('documents:view', 'Pregled dokumenata', 'documents', true, true),
  ('documents:cancel', 'Otkazivanje dokumenata', 'documents', true, true),
  ('cash_events:create', 'Kreiranje cash event-a', 'cash_events', true, true),
  ('cash_events:view', 'Pregled cash event-a', 'cash_events', true, true),
  ('cash_events:reverse', 'Storno cash event-a', 'cash_events', true, true),
  ('treasury:create', 'Trezor unos', 'treasury', true, true),
  ('treasury:view', 'Trezor pregled', 'treasury', true, true),
  ('shifts:open', 'Otvaranje smene', 'shifts', true, true),
  ('shifts:count', 'Presek smene', 'shifts', true, true),
  ('shifts:close', 'Zatvaranje smene', 'shifts', true, true),
  ('shifts:handover', 'Primopredaja smene', 'shifts', true, true),
  ('shifts:view', 'Pregled smena', 'shifts', true, true),
  ('audit:view', 'Pregled audit log-a', 'audit', true, true),
  ('currencies:manage', 'Dodavanje i izmena valuta', 'currencies', true, true),
  ('payment_announcements:create', 'Kreiranje najave uplate', 'payment_announcements', true, true),
  ('payment_announcements:view', 'Pregled najava uplate', 'payment_announcements', true, true),
  ('payment_announcements:match', 'Uparivanje najave sa uplatom', 'payment_announcements', true, true)
on conflict (permission_id) do update set
  permission_name = excluded.permission_name,
  category = excluded.category,
  active = excluded.active,
  system_permission = excluded.system_permission;

insert into role_permissions (role_id, permission_id, allowed)
values
  ('ADMIN', 'audit:view', true),
  ('ADMIN', 'cash_events:create', true),
  ('ADMIN', 'cash_events:reverse', true),
  ('ADMIN', 'cash_events:view', true),
  ('ADMIN', 'documents:attach', true),
  ('ADMIN', 'documents:cancel', true),
  ('ADMIN', 'documents:view', true),
  ('ADMIN', 'payment_orders:cancel', true),
  ('ADMIN', 'payment_orders:create', true),
  ('ADMIN', 'payment_orders:execute', true),
  ('ADMIN', 'payment_orders:issue', true),
  ('ADMIN', 'payment_orders:reject', true),
  ('ADMIN', 'payment_orders:reverse', true),
  ('ADMIN', 'payment_orders:view', true),
  ('ADMIN', 'payment_requests:approve', true),
  ('ADMIN', 'payment_requests:cancel', true),
  ('ADMIN', 'payment_requests:create', true),
  ('ADMIN', 'payment_requests:reject', true),
  ('ADMIN', 'payment_requests:return_for_correction', true),
  ('ADMIN', 'payment_requests:view_all', true),
  ('ADMIN', 'payment_requests:view_own', true),
  ('ADMIN', 'permissions:update', true),
  ('ADMIN', 'currencies:manage', true),
  ('ADMIN', 'payment_announcements:create', true),
  ('ADMIN', 'payment_announcements:view', true),
  ('ADMIN', 'payment_announcements:match', true),
  ('ADMIN', 'permissions:view', true),
  ('ADMIN', 'roles:update', true),
  ('ADMIN', 'roles:view', true),
  ('ADMIN', 'shifts:close', true),
  ('ADMIN', 'shifts:count', true),
  ('ADMIN', 'shifts:handover', true),
  ('ADMIN', 'shifts:open', true),
  ('ADMIN', 'shifts:view', true),
  ('ADMIN', 'treasury:create', true),
  ('ADMIN', 'treasury:view', true),
  ('ADMIN', 'users:assign_roles', true),
  ('ADMIN', 'users:create', true),
  ('ADMIN', 'users:disable', true),
  ('ADMIN', 'users:update', true),
  -- FAZA 3w-9: DIREKTOR = "pregled svih dokumenata, samo pregled" + obavezan presek
  -- (hardkodovano u _lib/mandatoryCount.js, ne ide kroz permisije) + nova najava +
  -- novi nalog, sa svim akcijama nad SOPSTVENIM najavama (ownership provera vec
  -- postoji u _lib/paymentAnnouncements.js preko :match, zato ga DIREKTOR NEMA), a na
  -- Nalogu za isplatu sve akcije bez obzira na vlasnika (payment_orders nema ownership
  -- proveru u kodu, pa pun set = trazeno ponasanje) - videti migraciju
  -- 202607121300_director_permissions_fix.sql za detaljno obrazlozenje.
  ('DIRECTOR', 'audit:view', true),
  ('DIRECTOR', 'cash_events:view', true),
  ('DIRECTOR', 'documents:attach', false),
  ('DIRECTOR', 'documents:cancel', false),
  ('DIRECTOR', 'documents:view', true),
  ('DIRECTOR', 'payment_orders:cancel', true),
  ('DIRECTOR', 'payment_orders:create', true),
  ('DIRECTOR', 'payment_orders:execute', true),
  ('DIRECTOR', 'payment_orders:issue', true),
  ('DIRECTOR', 'payment_orders:reject', true),
  ('DIRECTOR', 'payment_orders:reverse', true),
  ('DIRECTOR', 'payment_orders:view', true),
  ('DIRECTOR', 'payment_requests:approve', false),
  ('DIRECTOR', 'payment_requests:create', false),
  ('DIRECTOR', 'payment_requests:reject', false),
  ('DIRECTOR', 'payment_requests:return_for_correction', false),
  ('DIRECTOR', 'payment_requests:view_all', true),
  ('DIRECTOR', 'payment_announcements:view', true),
  ('DIRECTOR', 'payment_announcements:create', true),
  ('DIRECTOR', 'payment_announcements:match', false),
  ('DIRECTOR', 'shifts:view', true),
  ('FINANCE', 'audit:view', true),
  ('FINANCE', 'cash_events:create', true),
  ('FINANCE', 'cash_events:reverse', true),
  ('FINANCE', 'cash_events:view', true),
  ('FINANCE', 'currencies:manage', true),
  ('FINANCE', 'documents:attach', true),
  ('FINANCE', 'documents:cancel', true),
  ('FINANCE', 'documents:view', true),
  ('FINANCE', 'payment_orders:create', true),
  ('FINANCE', 'payment_orders:issue', true),
  ('FINANCE', 'payment_orders:view', true),
  ('FINANCE', 'payment_requests:approve', true),
  ('FINANCE', 'payment_requests:create', true),
  ('FINANCE', 'payment_requests:reject', true),
  ('FINANCE', 'payment_requests:return_for_correction', true),
  ('FINANCE', 'payment_requests:view_all', true),
  ('FINANCE', 'shifts:close', true),
  ('FINANCE', 'shifts:count', true),
  ('FINANCE', 'shifts:open', true),
  ('FINANCE', 'shifts:view', true),
  ('FINANCE', 'payment_announcements:view', true),
  ('CASHIER_SUPERVISOR', 'audit:view', true),
  ('CASHIER_SUPERVISOR', 'cash_events:create', true),
  ('CASHIER_SUPERVISOR', 'cash_events:reverse', true),
  ('CASHIER_SUPERVISOR', 'cash_events:view', true),
  ('CASHIER_SUPERVISOR', 'documents:attach', true),
  ('CASHIER_SUPERVISOR', 'documents:cancel', true),
  ('CASHIER_SUPERVISOR', 'documents:view', true),
  ('CASHIER_SUPERVISOR', 'payment_orders:create', true),
  ('CASHIER_SUPERVISOR', 'payment_orders:execute', true),
  ('CASHIER_SUPERVISOR', 'payment_orders:issue', true),
  ('CASHIER_SUPERVISOR', 'payment_orders:reject', true),
  ('CASHIER_SUPERVISOR', 'payment_orders:view', true),
  ('CASHIER_SUPERVISOR', 'payment_requests:approve', true),
  ('CASHIER_SUPERVISOR', 'payment_requests:create', true),
  ('CASHIER_SUPERVISOR', 'payment_requests:reject', true),
  ('CASHIER_SUPERVISOR', 'payment_requests:return_for_correction', true),
  ('CASHIER_SUPERVISOR', 'payment_requests:view_all', true),
  ('CASHIER_SUPERVISOR', 'shifts:close', true),
  ('CASHIER_SUPERVISOR', 'shifts:count', true),
  ('CASHIER_SUPERVISOR', 'shifts:open', true),
  ('CASHIER_SUPERVISOR', 'shifts:view', true),
  ('CASHIER_SUPERVISOR', 'payment_announcements:view', true),
  ('CASHIER_SUPERVISOR', 'payment_announcements:match', true),
  ('CASHIER', 'cash_events:create', true),
  ('CASHIER', 'cash_events:view', true),
  ('CASHIER', 'documents:attach', true),
  ('CASHIER', 'documents:view', true),
  ('CASHIER', 'payment_orders:execute', true),
  ('CASHIER', 'payment_orders:reject', true),
  ('CASHIER', 'payment_orders:view', true),
  ('CASHIER', 'payment_requests:create', true),
  ('CASHIER', 'payment_requests:view_own', true),
  ('CASHIER', 'shifts:close', true),
  ('CASHIER', 'shifts:count', true),
  ('CASHIER', 'shifts:open', true),
  ('CASHIER', 'shifts:view', true),
  ('CASHIER', 'payment_announcements:create', true),
  ('CASHIER', 'payment_announcements:view', true),
  ('CASHIER', 'payment_announcements:match', true),
  ('ANNOUNCER', 'payment_announcements:create', true),
  ('ASSISTANT_CASHIER', 'payment_announcements:view', true),
  ('APPROVER', 'documents:attach', true),
  ('APPROVER', 'documents:view', true),
  ('APPROVER', 'payment_orders:create', true),
  ('APPROVER', 'payment_orders:issue', true),
  ('APPROVER', 'payment_orders:view', true),
  ('APPROVER', 'payment_requests:approve', true),
  ('APPROVER', 'payment_requests:create', true),
  ('APPROVER', 'payment_requests:reject', true),
  ('APPROVER', 'payment_requests:return_for_correction', true),
  ('APPROVER', 'payment_requests:view_all', true),
  ('APPROVER', 'shifts:view', true),
  ('REQUESTER', 'documents:attach', true),
  ('REQUESTER', 'documents:view', true),
  ('REQUESTER', 'payment_requests:create', true),
  ('REQUESTER', 'payment_requests:view_own', true),
  ('VIEWER', 'cash_events:view', true),
  ('VIEWER', 'documents:view', true),
  ('VIEWER', 'payment_requests:view_all', true),
  ('VIEWER', 'shifts:view', true)
on conflict (role_id, permission_id) do update set
  allowed = excluded.allowed,
  updated_at = now();

-- Bootstrap users and cashboxes are intentionally not inserted automatically.
-- Known documentation references `CB_MAIN` and `USR_ADMIN_MILANKO`, but real
-- production cashbox metadata and PIN hash/salt must be provided explicitly.
-- Use `supabase/templates/bootstrap_auth_cashbox_template.sql` as a manual
-- SQL Editor template after the real values are confirmed.
